SET search_path TO nr1ai;

INSERT INTO perigos (id, norma, nome, categoria, descricao, consequencias, base_legal) VALUES ('RQ-0043','NR-1','Exposição à Poeira de Madeira','Químico','Partículas sólidas de corte/lixamento/aplainamento de madeira. Carcinógeno humano Grupo 1 (IARC) para madeira dura.','Rinite alérgica, asma ocupacional, câncer nasossinusal, dermatite de contato','NR-15, Anexo 13') ON CONFLICT (id) DO NOTHING;
INSERT INTO perigos (id, norma, nome, categoria, descricao, consequencias, base_legal) VALUES ('RQ-0044','NR-1','Exposição a Vapores de Tolueno','Químico','Solvente orgânico volátil em tintas, vernizes, colas e limpeza industrial.','Depressão do SNC, irritação de mucosas, dermatite, efeitos neurológicos/hepáticos crônicos','NR-15, Anexo 11, Quadro 1') ON CONFLICT (id) DO NOTHING;
INSERT INTO perigos (id, norma, nome, categoria, descricao, consequencias, base_legal) VALUES ('RQ-0045','NR-1','Exposição a Fumos Metálicos de Solda (Manganês)','Químico','Partículas metálicas geradas na fusão do eletrodo/arame durante soldagem (MIG/MAG, eletrodo revestido).','Manganismo, febre dos fumos metálicos, pneumoconiose (siderose), irritação respiratória aguda','NR-15, Anexo 11, Quadro 1') ON CONFLICT (id) DO NOTHING;
INSERT INTO perigos (id, norma, nome, categoria, descricao, consequencias, base_legal) VALUES ('RQ-0046','NR-1','Exposição ao Chumbo Inorgânico','Químico','Metal pesado de toxicidade sistêmica cumulativa — fundição, reciclagem de baterias, solda eletrônica.','Saturnismo, anemia, neuropatia periférica, efeitos reprodutivos','NR-15, Anexo 11, Quadro 1') ON CONFLICT (id) DO NOTHING;
INSERT INTO perigos (id, norma, nome, categoria, descricao, consequencias, base_legal) VALUES ('RQ-0047','NR-1','Exposição a Fibras de Amianto','Químico','Mineral fibroso em telhas/isolamentos antigos (proibido desde 2017). Risco em reforma/demolição de edificações anteriores.','Asbestose, mesotelioma pleural, câncer de pulmão (latência de 15-40 anos)','NR-15, Anexo 12; Lei 9.055/1995') ON CONFLICT (id) DO NOTHING;
INSERT INTO perigos (id, norma, nome, categoria, descricao, consequencias, base_legal) VALUES ('RF-0001','NR-1','Exposição a Ruído Contínuo ou Intermitente','Físico','Pressão sonora medida em dB(A), circuito SLOW. Acima de 115 dB(A) sem proteção: risco grave e iminente.','PAIR irreversível, zumbido, estresse, hipertensão','NR-15, Anexo 1') ON CONFLICT (id) DO NOTHING;
INSERT INTO perigos (id, norma, nome, categoria, descricao, consequencias, base_legal) VALUES ('RF-0002','NR-1','Exposição a Ruído de Impacto','Físico','Ruído de curta duração e alta intensidade (batidas, prensagem, martelamento).','PAIR de instalação súbita (trauma acústico), perfuração timpânica em exposições extremas','NR-15, Anexo 2') ON CONFLICT (id) DO NOTHING;
INSERT INTO perigos (id, norma, nome, categoria, descricao, consequencias, base_legal) VALUES ('RF-0003','NR-1','Exposição Ocupacional ao Calor','Físico','Avaliado pelo IBUTG — fundições, cozinhas industriais, trabalho externo em construção civil.','Desidratação, exaustão pelo calor, intermação (golpe de calor), cãibras','NR-15, Anexo 3') ON CONFLICT (id) DO NOTHING;
INSERT INTO perigos (id, norma, nome, categoria, descricao, consequencias, base_legal) VALUES ('RF-0004','NR-1','Exposição à Vibração em Mãos e Braços','Físico','Vibração transmitida ao sistema mão-braço por ferramentas manuais motorizadas.','Síndrome de Raynaud Ocupacional (dedo branco), distúrbios neurológicos e osteoarticulares','NR-15, Anexo 8') ON CONFLICT (id) DO NOTHING;
INSERT INTO perigos (id, norma, nome, categoria, descricao, consequencias, base_legal) VALUES ('RF-0005','NR-1','Exposição à Radiação Não-Ionizante (arco elétrico de soldagem)','Físico','Radiação UV/IV emitida pelo arco elétrico durante soldagem — ocorre junto com RQ-0045 na mesma atividade.','Ceratoconjuntivite actínica (vista de arco), queimaduras de pele','NR-15, Anexo 7') ON CONFLICT (id) DO NOTHING;

INSERT INTO controles (id, nome, tipo) VALUES ('CT-EXAUST','Exaustão localizada na fonte','Engenharia') ON CONFLICT (id) DO NOTHING;
INSERT INTO controles (id, nome, tipo) VALUES ('CT-SUBST-AGUA','Substituição por produto à base de água','Substituição') ON CONFLICT (id) DO NOTHING;
INSERT INTO controles (id, nome, tipo) VALUES ('CT-LIMP-UMIDO','Limpeza a úmido (não varrer a seco)','Administrativo') ON CONFLICT (id) DO NOTHING;
INSERT INTO controles (id, nome, tipo) VALUES ('CT-MONIT-BIO','Monitoramento biológico periódico (PCMSO)','Administrativo') ON CONFLICT (id) DO NOTHING;
INSERT INTO controles (id, nome, tipo) VALUES ('CT-LAUDO-MCA','Laudo de identificação de amianto antes de intervenção','Administrativo') ON CONFLICT (id) DO NOTHING;
INSERT INTO controles (id, nome, tipo) VALUES ('CT-ENCLAUSURA','Enclausuramento acústico de máquinas','Engenharia') ON CONFLICT (id) DO NOTHING;
INSERT INTO controles (id, nome, tipo) VALUES ('CT-MANUT-PREV','Manutenção preventiva (reduz ruído/vibração de desgaste)','Administrativo') ON CONFLICT (id) DO NOTHING;
INSERT INTO controles (id, nome, tipo) VALUES ('CT-ISOL-IMPACTO','Isolamento/enclausuramento de fonte de impacto','Engenharia') ON CONFLICT (id) DO NOTHING;
INSERT INTO controles (id, nome, tipo) VALUES ('CT-REGIME-DESCANSO','Regime de trabalho/descanso conforme IBUTG','Administrativo') ON CONFLICT (id) DO NOTHING;
INSERT INTO controles (id, nome, tipo) VALUES ('CT-VENTIL-CALOR','Ventilação/exaustão de calor','Engenharia') ON CONFLICT (id) DO NOTHING;
INSERT INTO controles (id, nome, tipo) VALUES ('CT-RODIZIO-VIBRACAO','Limitação de tempo de exposição contínua a vibração','Administrativo') ON CONFLICT (id) DO NOTHING;
INSERT INTO controles (id, nome, tipo) VALUES ('CT-BIOMBO','Biombos de isolamento de área de soldagem','Engenharia') ON CONFLICT (id) DO NOTHING;

INSERT INTO epis (id, nome, ca) VALUES ('EPI-PFF2','Respirador PFF2',NULL) ON CONFLICT (id) DO NOTHING;
INSERT INTO epis (id, nome, ca) VALUES ('EPI-PFF3','Respirador PFF3/PAPR',NULL) ON CONFLICT (id) DO NOTHING;
INSERT INTO epis (id, nome, ca) VALUES ('EPI-CARTUCHO-VO','Respirador com cartucho para vapores orgânicos',NULL) ON CONFLICT (id) DO NOTHING;
INSERT INTO epis (id, nome, ca) VALUES ('EPI-LUVA-QUIM','Luvas de proteção química (nitrílica)',NULL) ON CONFLICT (id) DO NOTHING;
INSERT INTO epis (id, nome, ca) VALUES ('EPI-OCULOS','Óculos de proteção química',NULL) ON CONFLICT (id) DO NOTHING;
INSERT INTO epis (id, nome, ca) VALUES ('EPI-PROT-AURIC-PLUG','Protetor auricular tipo plug',NULL) ON CONFLICT (id) DO NOTHING;
INSERT INTO epis (id, nome, ca) VALUES ('EPI-PROT-AURIC-CONCHA','Protetor auricular tipo concha',NULL) ON CONFLICT (id) DO NOTHING;
INSERT INTO epis (id, nome, ca) VALUES ('EPI-VEST-TERMICA','Vestimenta de proteção térmica',NULL) ON CONFLICT (id) DO NOTHING;
INSERT INTO epis (id, nome, ca) VALUES ('EPI-PROTETOR-SOLAR','Protetor solar + chapéu/boné com proteção de nuca',NULL) ON CONFLICT (id) DO NOTHING;
INSERT INTO epis (id, nome, ca) VALUES ('EPI-LUVA-ANTIVIBR','Luvas antivibratórias',NULL) ON CONFLICT (id) DO NOTHING;
INSERT INTO epis (id, nome, ca) VALUES ('EPI-MASCARA-SOLDA','Máscara de solda com filtro de tonalidade adequada',NULL) ON CONFLICT (id) DO NOTHING;
INSERT INTO epis (id, nome, ca) VALUES ('EPI-AVENTAL-RASPA','Avental de raspa / mangote',NULL) ON CONFLICT (id) DO NOTHING;

INSERT INTO epcs (id, nome) VALUES ('EPC-CABINE-PINT','Cabine de pintura com exaustão forçada') ON CONFLICT (id) DO NOTHING;
INSERT INTO epcs (id, nome) VALUES ('EPC-VESTIARIO-DUPLO','Vestiário com dupla via (limpo/sujo)') ON CONFLICT (id) DO NOTHING;
INSERT INTO epcs (id, nome) VALUES ('EPC-ISOLAMENTO','Isolamento total da área de remoção (amianto)') ON CONFLICT (id) DO NOTHING;
INSERT INTO epcs (id, nome) VALUES ('EPC-PONTOS-HIDRATACAO','Pontos de hidratação disponíveis no local') ON CONFLICT (id) DO NOTHING;
INSERT INTO epcs (id, nome) VALUES ('EPC-BARREIRA-TERMICA','Barreira de radiação térmica (anteparo)') ON CONFLICT (id) DO NOTHING;

INSERT INTO treinamentos (id, nome, carga_horaria, periodicidade) VALUES ('TR-EPI-RESP','Uso correto de EPI respiratório',4,'anual') ON CONFLICT (id) DO NOTHING;
INSERT INTO treinamentos (id, nome, carga_horaria, periodicidade) VALUES ('TR-NR12','NR-12 — Segurança em Máquinas',8,'anual') ON CONFLICT (id) DO NOTHING;
INSERT INTO treinamentos (id, nome, carga_horaria, periodicidade) VALUES ('TR-MCA','Identificação de Materiais Contendo Amianto (MCA)',8,'único') ON CONFLICT (id) DO NOTHING;
INSERT INTO treinamentos (id, nome, carga_horaria, periodicidade) VALUES ('TR-PCA','PCA — Programa de Conservação Auditiva',4,'anual') ON CONFLICT (id) DO NOTHING;
INSERT INTO treinamentos (id, nome, carga_horaria, periodicidade) VALUES ('TR-INTERMACAO','Reconhecimento de sinais de intermação (golpe de calor)',2,'anual') ON CONFLICT (id) DO NOTHING;
INSERT INTO treinamentos (id, nome, carga_horaria, periodicidade) VALUES ('TR-VIBRACAO','Reconhecimento de sintomas de exposição à vibração',2,'anual') ON CONFLICT (id) DO NOTHING;
INSERT INTO treinamentos (id, nome, carga_horaria, periodicidade) VALUES ('TR-TONALIDADE-SOLDA','Seleção de tonalidade de viseira de solda',2,'único') ON CONFLICT (id) DO NOTHING;

INSERT INTO atividade_perigo (atividade_nome, perigo_id) VALUES ('Corte de Madeira','RQ-0043') ON CONFLICT DO NOTHING;
INSERT INTO atividade_perigo (atividade_nome, perigo_id) VALUES ('Lixamento de Madeira','RQ-0043') ON CONFLICT DO NOTHING;
INSERT INTO atividade_perigo (atividade_nome, perigo_id) VALUES ('Pintura Industrial','RQ-0044') ON CONFLICT DO NOTHING;
INSERT INTO atividade_perigo (atividade_nome, perigo_id) VALUES ('Soldagem MIG','RQ-0045') ON CONFLICT DO NOTHING;
INSERT INTO atividade_perigo (atividade_nome, perigo_id) VALUES ('Soldagem MIG','RF-0005') ON CONFLICT DO NOTHING;
INSERT INTO atividade_perigo (atividade_nome, perigo_id) VALUES ('Soldagem TIG','RQ-0045') ON CONFLICT DO NOTHING;
INSERT INTO atividade_perigo (atividade_nome, perigo_id) VALUES ('Soldagem TIG','RF-0005') ON CONFLICT DO NOTHING;
INSERT INTO atividade_perigo (atividade_nome, perigo_id) VALUES ('Soldagem Eletrodo Revestido','RQ-0045') ON CONFLICT DO NOTHING;
INSERT INTO atividade_perigo (atividade_nome, perigo_id) VALUES ('Soldagem Eletrodo Revestido','RF-0005') ON CONFLICT DO NOTHING;
INSERT INTO atividade_perigo (atividade_nome, perigo_id) VALUES ('Fundição de Chumbo','RQ-0046') ON CONFLICT DO NOTHING;
INSERT INTO atividade_perigo (atividade_nome, perigo_id) VALUES ('Fundição de Chumbo','RF-0003') ON CONFLICT DO NOTHING;
INSERT INTO atividade_perigo (atividade_nome, perigo_id) VALUES ('Solda Eletrônica','RQ-0046') ON CONFLICT DO NOTHING;
INSERT INTO atividade_perigo (atividade_nome, perigo_id) VALUES ('Demolição de Cobertura Antiga','RQ-0047') ON CONFLICT DO NOTHING;
INSERT INTO atividade_perigo (atividade_nome, perigo_id) VALUES ('Reforma Predial Anterior a 2017','RQ-0047') ON CONFLICT DO NOTHING;
INSERT INTO atividade_perigo (atividade_nome, perigo_id) VALUES ('Operação de Serra Circular','RF-0001') ON CONFLICT DO NOTHING;
INSERT INTO atividade_perigo (atividade_nome, perigo_id) VALUES ('Operação de Prensa','RF-0002') ON CONFLICT DO NOTHING;
INSERT INTO atividade_perigo (atividade_nome, perigo_id) VALUES ('Martelamento/Forjamento','RF-0002') ON CONFLICT DO NOTHING;
INSERT INTO atividade_perigo (atividade_nome, perigo_id) VALUES ('Cravação de Estacas','RF-0002') ON CONFLICT DO NOTHING;
INSERT INTO atividade_perigo (atividade_nome, perigo_id) VALUES ('Cozinha Industrial','RF-0003') ON CONFLICT DO NOTHING;
INSERT INTO atividade_perigo (atividade_nome, perigo_id) VALUES ('Trabalho Externo em Construção Civil','RF-0003') ON CONFLICT DO NOTHING;
INSERT INTO atividade_perigo (atividade_nome, perigo_id) VALUES ('Uso de Martelete/Rompedor','RF-0004') ON CONFLICT DO NOTHING;
INSERT INTO atividade_perigo (atividade_nome, perigo_id) VALUES ('Uso de Lixadeira/Esmerilhadeira','RF-0004') ON CONFLICT DO NOTHING;

INSERT INTO perigo_controle (perigo_id, controle_id) VALUES ('RQ-0043','CT-EXAUST') ON CONFLICT DO NOTHING;
INSERT INTO perigo_controle (perigo_id, controle_id) VALUES ('RQ-0043','CT-LIMP-UMIDO') ON CONFLICT DO NOTHING;
INSERT INTO perigo_controle (perigo_id, controle_id) VALUES ('RQ-0044','CT-SUBST-AGUA') ON CONFLICT DO NOTHING;
INSERT INTO perigo_controle (perigo_id, controle_id) VALUES ('RQ-0045','CT-EXAUST') ON CONFLICT DO NOTHING;
INSERT INTO perigo_controle (perigo_id, controle_id) VALUES ('RQ-0045','CT-MONIT-BIO') ON CONFLICT DO NOTHING;
INSERT INTO perigo_controle (perigo_id, controle_id) VALUES ('RQ-0046','CT-MONIT-BIO') ON CONFLICT DO NOTHING;
INSERT INTO perigo_controle (perigo_id, controle_id) VALUES ('RQ-0047','CT-LAUDO-MCA') ON CONFLICT DO NOTHING;
INSERT INTO perigo_controle (perigo_id, controle_id) VALUES ('RF-0001','CT-ENCLAUSURA') ON CONFLICT DO NOTHING;
INSERT INTO perigo_controle (perigo_id, controle_id) VALUES ('RF-0001','CT-MANUT-PREV') ON CONFLICT DO NOTHING;
INSERT INTO perigo_controle (perigo_id, controle_id) VALUES ('RF-0002','CT-ISOL-IMPACTO') ON CONFLICT DO NOTHING;
INSERT INTO perigo_controle (perigo_id, controle_id) VALUES ('RF-0003','CT-VENTIL-CALOR') ON CONFLICT DO NOTHING;
INSERT INTO perigo_controle (perigo_id, controle_id) VALUES ('RF-0003','CT-REGIME-DESCANSO') ON CONFLICT DO NOTHING;
INSERT INTO perigo_controle (perigo_id, controle_id) VALUES ('RF-0004','CT-MANUT-PREV') ON CONFLICT DO NOTHING;
INSERT INTO perigo_controle (perigo_id, controle_id) VALUES ('RF-0004','CT-RODIZIO-VIBRACAO') ON CONFLICT DO NOTHING;
INSERT INTO perigo_controle (perigo_id, controle_id) VALUES ('RF-0005','CT-BIOMBO') ON CONFLICT DO NOTHING;

INSERT INTO perigo_epi (perigo_id, epi_id) VALUES ('RQ-0043','EPI-PFF2') ON CONFLICT DO NOTHING;
INSERT INTO perigo_epi (perigo_id, epi_id) VALUES ('RQ-0044','EPI-CARTUCHO-VO') ON CONFLICT DO NOTHING;
INSERT INTO perigo_epi (perigo_id, epi_id) VALUES ('RQ-0044','EPI-LUVA-QUIM') ON CONFLICT DO NOTHING;
INSERT INTO perigo_epi (perigo_id, epi_id) VALUES ('RQ-0044','EPI-OCULOS') ON CONFLICT DO NOTHING;
INSERT INTO perigo_epi (perigo_id, epi_id) VALUES ('RQ-0045','EPI-PFF2') ON CONFLICT DO NOTHING;
INSERT INTO perigo_epi (perigo_id, epi_id) VALUES ('RQ-0046','EPI-PFF3') ON CONFLICT DO NOTHING;
INSERT INTO perigo_epi (perigo_id, epi_id) VALUES ('RQ-0047','EPI-PFF3') ON CONFLICT DO NOTHING;
INSERT INTO perigo_epi (perigo_id, epi_id) VALUES ('RF-0001','EPI-PROT-AURIC-PLUG') ON CONFLICT DO NOTHING;
INSERT INTO perigo_epi (perigo_id, epi_id) VALUES ('RF-0002','EPI-PROT-AURIC-CONCHA') ON CONFLICT DO NOTHING;
INSERT INTO perigo_epi (perigo_id, epi_id) VALUES ('RF-0003','EPI-VEST-TERMICA') ON CONFLICT DO NOTHING;
INSERT INTO perigo_epi (perigo_id, epi_id) VALUES ('RF-0003','EPI-PROTETOR-SOLAR') ON CONFLICT DO NOTHING;
INSERT INTO perigo_epi (perigo_id, epi_id) VALUES ('RF-0004','EPI-LUVA-ANTIVIBR') ON CONFLICT DO NOTHING;
INSERT INTO perigo_epi (perigo_id, epi_id) VALUES ('RF-0005','EPI-MASCARA-SOLDA') ON CONFLICT DO NOTHING;
INSERT INTO perigo_epi (perigo_id, epi_id) VALUES ('RF-0005','EPI-AVENTAL-RASPA') ON CONFLICT DO NOTHING;

INSERT INTO perigo_epc (perigo_id, epc_id) VALUES ('RQ-0044','EPC-CABINE-PINT') ON CONFLICT DO NOTHING;
INSERT INTO perigo_epc (perigo_id, epc_id) VALUES ('RQ-0046','EPC-VESTIARIO-DUPLO') ON CONFLICT DO NOTHING;
INSERT INTO perigo_epc (perigo_id, epc_id) VALUES ('RQ-0047','EPC-ISOLAMENTO') ON CONFLICT DO NOTHING;
INSERT INTO perigo_epc (perigo_id, epc_id) VALUES ('RF-0003','EPC-PONTOS-HIDRATACAO') ON CONFLICT DO NOTHING;
INSERT INTO perigo_epc (perigo_id, epc_id) VALUES ('RF-0003','EPC-BARREIRA-TERMICA') ON CONFLICT DO NOTHING;

INSERT INTO perigo_treinamento (perigo_id, treinamento_id) VALUES ('RQ-0043','TR-EPI-RESP') ON CONFLICT DO NOTHING;
INSERT INTO perigo_treinamento (perigo_id, treinamento_id) VALUES ('RQ-0045','TR-NR12') ON CONFLICT DO NOTHING;
INSERT INTO perigo_treinamento (perigo_id, treinamento_id) VALUES ('RQ-0047','TR-MCA') ON CONFLICT DO NOTHING;
INSERT INTO perigo_treinamento (perigo_id, treinamento_id) VALUES ('RF-0001','TR-PCA') ON CONFLICT DO NOTHING;
INSERT INTO perigo_treinamento (perigo_id, treinamento_id) VALUES ('RF-0002','TR-PCA') ON CONFLICT DO NOTHING;
INSERT INTO perigo_treinamento (perigo_id, treinamento_id) VALUES ('RF-0003','TR-INTERMACAO') ON CONFLICT DO NOTHING;
INSERT INTO perigo_treinamento (perigo_id, treinamento_id) VALUES ('RF-0004','TR-VIBRACAO') ON CONFLICT DO NOTHING;
INSERT INTO perigo_treinamento (perigo_id, treinamento_id) VALUES ('RF-0005','TR-TONALIDADE-SOLDA') ON CONFLICT DO NOTHING;

INSERT INTO perigo_documento (perigo_id, tipo_documento) VALUES ('RQ-0043','Inventario') ON CONFLICT DO NOTHING;
INSERT INTO perigo_documento (perigo_id, tipo_documento) VALUES ('RQ-0043','PlanoAcao') ON CONFLICT DO NOTHING;
INSERT INTO perigo_documento (perigo_id, tipo_documento) VALUES ('RQ-0043','PGR') ON CONFLICT DO NOTHING;
INSERT INTO perigo_documento (perigo_id, tipo_documento) VALUES ('RQ-0044','Inventario') ON CONFLICT DO NOTHING;
INSERT INTO perigo_documento (perigo_id, tipo_documento) VALUES ('RQ-0044','PlanoAcao') ON CONFLICT DO NOTHING;
INSERT INTO perigo_documento (perigo_id, tipo_documento) VALUES ('RQ-0044','PGR') ON CONFLICT DO NOTHING;
INSERT INTO perigo_documento (perigo_id, tipo_documento) VALUES ('RQ-0045','Inventario') ON CONFLICT DO NOTHING;
INSERT INTO perigo_documento (perigo_id, tipo_documento) VALUES ('RQ-0045','PlanoAcao') ON CONFLICT DO NOTHING;
INSERT INTO perigo_documento (perigo_id, tipo_documento) VALUES ('RQ-0045','PGR') ON CONFLICT DO NOTHING;
INSERT INTO perigo_documento (perigo_id, tipo_documento) VALUES ('RQ-0046','Inventario') ON CONFLICT DO NOTHING;
INSERT INTO perigo_documento (perigo_id, tipo_documento) VALUES ('RQ-0046','PlanoAcao') ON CONFLICT DO NOTHING;
INSERT INTO perigo_documento (perigo_id, tipo_documento) VALUES ('RQ-0046','PGR') ON CONFLICT DO NOTHING;
INSERT INTO perigo_documento (perigo_id, tipo_documento) VALUES ('RQ-0047','Inventario') ON CONFLICT DO NOTHING;
INSERT INTO perigo_documento (perigo_id, tipo_documento) VALUES ('RQ-0047','PlanoAcao') ON CONFLICT DO NOTHING;
INSERT INTO perigo_documento (perigo_id, tipo_documento) VALUES ('RQ-0047','PGR') ON CONFLICT DO NOTHING;
INSERT INTO perigo_documento (perigo_id, tipo_documento) VALUES ('RF-0001','Inventario') ON CONFLICT DO NOTHING;
INSERT INTO perigo_documento (perigo_id, tipo_documento) VALUES ('RF-0001','PlanoAcao') ON CONFLICT DO NOTHING;
INSERT INTO perigo_documento (perigo_id, tipo_documento) VALUES ('RF-0001','PGR') ON CONFLICT DO NOTHING;
INSERT INTO perigo_documento (perigo_id, tipo_documento) VALUES ('RF-0002','Inventario') ON CONFLICT DO NOTHING;
INSERT INTO perigo_documento (perigo_id, tipo_documento) VALUES ('RF-0002','PlanoAcao') ON CONFLICT DO NOTHING;
INSERT INTO perigo_documento (perigo_id, tipo_documento) VALUES ('RF-0002','PGR') ON CONFLICT DO NOTHING;
INSERT INTO perigo_documento (perigo_id, tipo_documento) VALUES ('RF-0003','Inventario') ON CONFLICT DO NOTHING;
INSERT INTO perigo_documento (perigo_id, tipo_documento) VALUES ('RF-0003','PlanoAcao') ON CONFLICT DO NOTHING;
INSERT INTO perigo_documento (perigo_id, tipo_documento) VALUES ('RF-0003','PGR') ON CONFLICT DO NOTHING;
INSERT INTO perigo_documento (perigo_id, tipo_documento) VALUES ('RF-0004','Inventario') ON CONFLICT DO NOTHING;
INSERT INTO perigo_documento (perigo_id, tipo_documento) VALUES ('RF-0004','PlanoAcao') ON CONFLICT DO NOTHING;
INSERT INTO perigo_documento (perigo_id, tipo_documento) VALUES ('RF-0004','PGR') ON CONFLICT DO NOTHING;
INSERT INTO perigo_documento (perigo_id, tipo_documento) VALUES ('RF-0005','Inventario') ON CONFLICT DO NOTHING;
INSERT INTO perigo_documento (perigo_id, tipo_documento) VALUES ('RF-0005','PlanoAcao') ON CONFLICT DO NOTHING;
INSERT INTO perigo_documento (perigo_id, tipo_documento) VALUES ('RF-0005','PGR') ON CONFLICT DO NOTHING;
INSERT INTO perigo_documento (perigo_id, tipo_documento) VALUES ('RQ-0047','OrdemServico') ON CONFLICT DO NOTHING;
INSERT INTO perigo_documento (perigo_id, tipo_documento) VALUES ('RF-0005','OrdemServico') ON CONFLICT DO NOTHING;